COMPE,ISPB,Document,FiscalName,FantasyName,Url,DateRegistered,DateUpdated,DateRemoved,IsRemoved
001,00000000,00.000.000/0001-91,Banco do Brasil S.A.,Banco do Brasil,https://bb.com.br,2017-04-19T15:52:42.400-0300,,,false
341,0,,ITAÚ,ITAÚ,,2017-04-19T15:53:59.107-0300,,,false
104,0,,CAIXA ECONÔMICA FEDERAL,CAIXA ECONÔMICA FEDERAL,,2017-04-19T15:54:41.200-0300,,,false
033,0,,SANTANDER,SANTANDER,,2017-04-19T15:55:59.197-0300,,,false
070,0,,BRB - BANCO DE BRASÍLIA,BRB - BANCO DE BRASÍLIA,,2017-04-19T15:58:17.387-0300,,,false
077,0,00.416.968/0001-01,BANCO INTER,BANCO INTER,,2017-04-19T15:58:39.887-0300,2020-04-29T11:08:00.000-0300,,false
237,0,,BRADESCO,BRADESCO,,2017-04-19T16:00:31.407-0300,,,false
745,0,,CITIBANK,CITIBANK,,2017-04-19T16:01:50.353-0300,,,false
422,0,,BANCO SAFRA,BANCO SAFRA,,2017-04-19T16:04:20.790-0300,,,false
399,0,,BANCO HSBC,BANCO HSBC,,2017-04-19T16:05:20.353-0300,,,false
756,0,,BANCOOB,BANCOOB,,2017-08-01T22:29:11.827-0300,,,false
212,0,,BANCO ORIGINAL,BANCO ORIGINAL,,2017-10-11T20:33:06.803-0300,,,false
002,0,,BANCO CENTRAL DO BRASIL,BANCO CENTRAL DO BRASIL,,2018-01-29T15:12:24.270-0300,,,false
003,0,,BANCO DA AMAZONIA S.A,BANCO DA AMAZONIA S.A,,2018-01-29T15:12:24.270-0300,,,false
004,0,,BANCO DO NORDESTE DO BRASIL S.A,BANCO DO NORDESTE DO BRASIL S.A,,2018-01-29T15:12:24.270-0300,,,false
007,0,,BANCO NAC DESENV. ECO. SOCIAL S.A,BANCO NAC DESENV. ECO. SOCIAL S.A,,2018-01-29T15:12:24.270-0300,,,false
008,0,,BANCO MERIDIONAL DO BRASIL,BANCO MERIDIONAL DO BRASIL,,2018-01-29T15:12:24.270-0300,,,false
020,0,,BANCO DO ESTADO DE ALAGOAS S.A,BANCO DO ESTADO DE ALAGOAS S.A,,2018-01-29T15:12:24.270-0300,,,false
021,0,,BANCO DO ESTADO DO ESPIRITO SANTO S.A,BANCO DO ESTADO DO ESPIRITO SANTO S.A,,2018-01-29T15:12:24.270-0300,,,false
022,0,,BANCO DE CREDITO REAL DE MINAS GERAIS SA,BANCO DE CREDITO REAL DE MINAS GERAIS SA,,2018-01-29T15:12:24.273-0300,,,false
024,0,,BANCO DO ESTADO DE PERNAMBUCO,BANCO DO ESTADO DE PERNAMBUCO,,2018-01-29T15:12:24.273-0300,,,false
025,0,,BANCO ALFA S.A.,BANCO ALFA S.A.,,2018-01-29T15:12:24.273-0300,,,false
026,0,,BANCO DO ESTADO DO ACRE S.A,BANCO DO ESTADO DO ACRE S.A,,2018-01-29T15:12:24.273-0300,,,false
027,0,,BANCO DO ESTADO DE SANTA CATARINA S.A,BANCO DO ESTADO DE SANTA CATARINA S.A,,2018-01-29T15:12:24.273-0300,,,false
028,0,,BANCO DO ESTADO DA BAHIA S.A,BANCO DO ESTADO DA BAHIA S.A,,2018-01-29T15:12:24.277-0300,,,false
029,0,,BANCO DO ESTADO DO RIO DE JANEIRO S.A,BANCO DO ESTADO DO RIO DE JANEIRO S.A,,2018-01-29T15:12:24.277-0300,,,false
030,0,,BANCO DO ESTADO DA PARAIBA S.A,BANCO DO ESTADO DA PARAIBA S.A,,2018-01-29T15:12:24.277-0300,,,false
031,0,,BANCO DO ESTADO DE GOIAS S.A,BANCO DO ESTADO DE GOIAS S.A,,2018-01-29T15:12:24.277-0300,,,false
032,0,,BANCO DO ESTADO DO MATO GROSSO S.A.,BANCO DO ESTADO DO MATO GROSSO S.A.,,2018-01-29T15:12:24.277-0300,,,false
034,0,,BANCO DO ESADO DO AMAZONAS S.A,BANCO DO ESADO DO AMAZONAS S.A,,2018-01-29T15:12:24.280-0300,,,false
035,0,,BANCO DO ESTADO DO CEARA S.A,BANCO DO ESTADO DO CEARA S.A,,2018-01-29T15:12:24.280-0300,,,false
036,0,,BANCO DO ESTADO DO MARANHAO S.A,BANCO DO ESTADO DO MARANHAO S.A,,2018-01-29T15:12:24.280-0300,,,false
037,0,,BANCO DO ESTADO DO PARA S.A,BANCO DO ESTADO DO PARA S.A,,2018-01-29T15:12:24.280-0300,,,false
038,0,,BANCO DO ESTADO DO PARANA S.A,BANCO DO ESTADO DO PARANA S.A,,2018-01-29T15:12:24.280-0300,,,false
039,0,,BANCO DO ESTADO DO PIAUI S.A,BANCO DO ESTADO DO PIAUI S.A,,2018-01-29T15:12:24.280-0300,,,false
041,0,,BANCO DO ESTADO DO RIO GRANDE DO SUL S.A,BANCO DO ESTADO DO RIO GRANDE DO SUL S.A,,2018-01-29T15:12:24.283-0300,,,false
047,0,,BANCO DO ESTADO DE SERGIPE S.A,BANCO DO ESTADO DE SERGIPE S.A,,2018-01-29T15:12:24.283-0300,,,false
048,0,,BANCO DO ESTADO DE MINAS GERAIS S.A,BANCO DO ESTADO DE MINAS GERAIS S.A,,2018-01-29T15:12:24.283-0300,,,false
059,0,,BANCO DO ESTADO DE RONDONIA S.A,BANCO DO ESTADO DE RONDONIA S.A,,2018-01-29T15:12:24.283-0300,,,false
106,0,,BANCO ITABANCO S.A.,BANCO ITABANCO S.A.,,2018-01-29T15:12:24.287-0300,,,false
107,0,,BANCO BBM S.A,BANCO BBM S.A,,2018-01-29T15:12:24.287-0300,,,false
109,0,,BANCO CREDIBANCO S.A,BANCO CREDIBANCO S.A,,2018-01-29T15:12:24.290-0300,,,false
116,0,,BANCO B.N.L DO BRASIL S.A,BANCO B.N.L DO BRASIL S.A,,2018-01-29T15:12:24.290-0300,,,false
148,0,,MULTI BANCO S.A,MULTI BANCO S.A,,2018-01-29T15:12:24.290-0300,,,false
151,0,,CAIXA ECONÔMICA DO ESTADO DE SAO PAULO,CAIXA ECONÔMICA DO ESTADO DE SAO PAULO,,2018-01-29T15:12:24.290-0300,,,false
153,0,,CAIXA ECONÔMICA DO ESTADO DO R.G.SUL,CAIXA ECONÔMICA DO ESTADO DO R.G.SUL,,2018-01-29T15:12:24.290-0300,,,false
165,0,,BANCO NORCHEM S.A,BANCO NORCHEM S.A,,2018-01-29T15:12:24.290-0300,,,false
166,0,,BANCO INTER-ATLANTICO S.A,BANCO INTER-ATLANTICO S.A,,2018-01-29T15:12:24.293-0300,,,false
168,0,,BANCO C.C.F. BRASIL S.A,BANCO C.C.F. BRASIL S.A,,2018-01-29T15:12:24.293-0300,,,false
175,0,,CONTINENTAL BANCO S.A,CONTINENTAL BANCO S.A,,2018-01-29T15:12:24.293-0300,,,false
184,0,,BBA - CREDITANSTALT S.A,BBA - CREDITANSTALT S.A,,2018-01-29T15:12:24.293-0300,,,false
197,0,16.501.555/0002-38,STONE PAGAMENTOS S.A.,STONE PAGAMENTOS S.A.,,2020-04-24T12:58:00.000-0300,,,false
199,0,,BANCO FINANCIAL PORTUGUES,BANCO FINANCIAL PORTUGUES,,2018-01-29T15:12:24.293-0300,,,false
200,0,,BANCO FRICRISA AXELRUD S.A,BANCO FRICRISA AXELRUD S.A,,2018-01-29T15:12:24.297-0300,,,false
201,0,,BANCO AUGUSTA INDUSTRIA E COMERCIAL S.A,BANCO AUGUSTA INDUSTRIA E COMERCIAL S.A,,2018-01-29T15:12:24.297-0300,,,false
204,0,,BANCO S.R.L S.A,BANCO S.R.L S.A,,2018-01-29T15:12:24.297-0300,,,false
205,0,,BANCO SUL AMERICA S.A,BANCO SUL AMERICA S.A,,2018-01-29T15:12:24.297-0300,,,false
206,0,,BANCO MARTINELLI S.A,BANCO MARTINELLI S.A,,2018-01-29T15:12:24.297-0300,,,false
208,0,,BANCO PACTUAL S.A,BANCO PACTUAL S.A,,2018-01-29T15:12:24.300-0300,,,false
210,0,,DEUTSCH SUDAMERIKANICHE BANK AG,DEUTSCH SUDAMERIKANICHE BANK AG,,2018-01-29T15:12:24.300-0300,,,false
211,0,,BANCO SISTEMA S.A,BANCO SISTEMA S.A,,2018-01-29T15:12:24.300-0300,,,false
213,0,,BANCO ARBI S.A,BANCO ARBI S.A,,2018-01-29T15:12:24.300-0300,,,false
214,0,,BANCO DIBENS S.A,BANCO DIBENS S.A,,2018-01-29T15:12:24.303-0300,,,false
215,0,,BANCO AMERICA DO SUL S.A,BANCO AMERICA DO SUL S.A,,2018-01-29T15:12:24.303-0300,,,false
216,0,,BANCO REGIONAL MALCON S.A,BANCO REGIONAL MALCON S.A,,2018-01-29T15:12:24.303-0300,,,false
217,0,,BANCO AGROINVEST S.A,BANCO AGROINVEST S.A,,2018-01-29T15:12:24.303-0300,,,false
218,0,71.027.866/0001-34,BS2,BS2,,2018-01-29T15:12:24.303-0300,2019-05-21T08:14:51.000-0300,,false
219,0,,BANCO DE CREDITO DE SAO PAULO S.A,BANCO DE CREDITO DE SAO PAULO S.A,,2018-01-29T15:12:24.307-0300,,,false
220,0,,BANCO CREFISUL,BANCO CREFISUL,,2018-01-29T15:12:24.307-0300,,,false
221,0,,BANCO GRAPHUS S.A,BANCO GRAPHUS S.A,,2018-01-29T15:12:24.307-0300,,,false
222,0,,BANCO AGF BRASIL S. A.,BANCO AGF BRASIL S. A.,,2018-01-29T15:12:24.307-0300,,,false
223,0,,BANCO INTERUNION S.A,BANCO INTERUNION S.A,,2018-01-29T15:12:24.307-0300,,,false
224,0,,BANCO FIBRA S.A,BANCO FIBRA S.A,,2018-01-29T15:12:24.307-0300,,,false
225,0,,BANCO BRASCAN S.A,BANCO BRASCAN S.A,,2018-01-29T15:12:24.310-0300,,,false
228,0,,BANCO ICATU S.A,BANCO ICATU S.A,,2018-01-29T15:12:24.310-0300,,,false
229,0,,BANCO CRUZEIRO S.A,BANCO CRUZEIRO S.A,,2018-01-29T15:12:24.310-0300,,,false
230,0,,BANCO BANDEIRANTES S.A,BANCO BANDEIRANTES S.A,,2018-01-29T15:12:24.310-0300,,,false
231,0,,BANCO BOAVISTA S.A,BANCO BOAVISTA S.A,,2018-01-29T15:12:24.310-0300,,,false
232,0,,BANCO INTERPART S.A,BANCO INTERPART S.A,,2018-01-29T15:12:24.310-0300,,,false
233,0,,BANCO MAPPIN S.A,BANCO MAPPIN S.A,,2018-01-29T15:12:24.313-0300,,,false
234,0,,BANCO LAVRA S.A.,BANCO LAVRA S.A.,,2018-01-29T15:12:24.313-0300,,,false
235,0,,BANCO LIBERAL S.A,BANCO LIBERAL S.A,,2018-01-29T15:12:24.313-0300,,,false
236,0,,BANCO CAMBIAL S.A,BANCO CAMBIAL S.A,,2018-01-29T15:12:24.313-0300,,,false
239,0,,BANCO BANCRED S.A,BANCO BANCRED S.A,,2018-01-29T15:12:24.317-0300,,,false
240,0,,BANCO DE CREDITO REAL DE MINAS GERAIS S.,BANCO DE CREDITO REAL DE MINAS GERAIS S.,,2018-01-29T15:12:24.317-0300,,,false
241,0,,BANCO CLASSICO S.A,BANCO CLASSICO S.A,,2018-01-29T15:12:24.317-0300,,,false
242,0,,BANCO EUROINVEST S.A,BANCO EUROINVEST S.A,,2018-01-29T15:12:24.317-0300,,,false
243,0,33.923.798/0001-00,BANCO MÁXIMA S.A,BANCO MÁXIMA S.A,,2018-01-29T15:12:24.317-0300,2020-03-20T17:00:00.000-0300,,false
244,0,,BANCO CIDADE S.A,BANCO CIDADE S.A,,2018-01-29T15:12:24.320-0300,,,false
245,0,,BANCO EMPRESARIAL S.A,BANCO EMPRESARIAL S.A,,2018-01-29T15:12:24.320-0300,,,false
246,0,,BANCO ABC ROMA S.A,BANCO ABC ROMA S.A,,2018-01-29T15:12:24.320-0300,,,false
247,0,,BANCO OMEGA S.A,BANCO OMEGA S.A,,2018-01-29T15:12:24.320-0300,,,false
249,0,,BANCO INVESTCRED S.A,BANCO INVESTCRED S.A,,2018-01-29T15:12:24.320-0300,,,false
250,0,,BANCO SCHAHIN CURY S.A,BANCO SCHAHIN CURY S.A,,2018-01-29T15:12:24.320-0300,,,false
251,0,,BANCO SAO JORGE S.A.,BANCO SAO JORGE S.A.,,2018-01-29T15:12:24.323-0300,,,false
252,0,,BANCO FININVEST S.A,BANCO FININVEST S.A,,2018-01-29T15:12:24.323-0300,,,false
254,0,,BANCO PARANA BANCO S.A,BANCO PARANA BANCO S.A,,2018-01-29T15:12:24.323-0300,,,false
255,0,,MILBANCO S.A.,MILBANCO S.A.,,2018-01-29T15:12:24.323-0300,,,false
256,0,,BANCO GULVINVEST S.A,BANCO GULVINVEST S.A,,2018-01-29T15:12:24.323-0300,,,false
258,0,,BANCO INDUSCRED S.A,BANCO INDUSCRED S.A,,2018-01-29T15:12:24.327-0300,,,false
261,0,,BANCO VARIG S.A,BANCO VARIG S.A,,2018-01-29T15:12:24.327-0300,,,false
262,0,,BANCO BOREAL S.A,BANCO BOREAL S.A,,2018-01-29T15:12:24.327-0300,,,false
263,0,,BANCO CACIQUE,BANCO CACIQUE,,2018-01-29T15:12:24.327-0300,,,false
264,0,,BANCO PERFORMANCE S.A,BANCO PERFORMANCE S.A,,2018-01-29T15:12:24.330-0300,,,false
265,0,,BANCO FATOR S.A,BANCO FATOR S.A,,2018-01-29T15:12:24.330-0300,,,false
266,0,,BANCO CEDULA S.A,BANCO CEDULA S.A,,2018-01-29T15:12:24.330-0300,,,false
267,0,,BANCO BBM-COM.C.IMOB.CFI S.A.,BANCO BBM-COM.C.IMOB.CFI S.A.,,2018-01-29T15:12:24.330-0300,,,false
275,0,,BANCO REAL S.A,BANCO REAL S.A,,2018-01-29T15:12:24.330-0300,,,false
277,0,,BANCO PLANIBANC S.A,BANCO PLANIBANC S.A,,2018-01-29T15:12:24.330-0300,,,false
282,0,,BANCO BRASILEIRO COMERCIAL,BANCO BRASILEIRO COMERCIAL,,2018-01-29T15:12:24.330-0300,,,false
291,0,,BANCO DE CREDITO NACIONAL S.A,BANCO DE CREDITO NACIONAL S.A,,2018-01-29T15:12:24.333-0300,,,false
294,0,,BCR - BANCO DE CREDITO REAL S.A,BCR - BANCO DE CREDITO REAL S.A,,2018-01-29T15:12:24.333-0300,,,false
295,0,,BANCO CREDIPLAN S.A,BANCO CREDIPLAN S.A,,2018-01-29T15:12:24.333-0300,,,false
300,0,,BANCO DE LA NACION ARGENTINA S.A,BANCO DE LA NACION ARGENTINA S.A,,2018-01-29T15:12:24.333-0300,,,false
302,0,,BANCO DO PROGRESSO S.A,BANCO DO PROGRESSO S.A,,2018-01-29T15:12:24.337-0300,,,false
303,0,,BANCO HNF S.A.,BANCO HNF S.A.,,2018-01-29T15:12:24.337-0300,,,false
304,0,,BANCO PONTUAL S.A,BANCO PONTUAL S.A,,2018-01-29T15:12:24.337-0300,,,false
308,0,,BANCO COMERCIAL BANCESA S.A.,BANCO COMERCIAL BANCESA S.A.,,2018-01-29T15:12:24.337-0300,,,false
318,0,,BANCO B.M.G. S.A,BANCO B.M.G. S.A,,2018-01-29T15:12:24.337-0300,,,false
320,0,,BANCO INDUSTRIAL E COMERCIAL,BANCO INDUSTRIAL E COMERCIAL,,2018-01-29T15:12:24.340-0300,,,false
346,0,,BANCO FRANCES E BRASILEIRO S.A,BANCO FRANCES E BRASILEIRO S.A,,2018-01-29T15:12:24.340-0300,,,false
347,0,,BANCO SUDAMERIS BRASIL S.A,BANCO SUDAMERIS BRASIL S.A,,2018-01-29T15:12:24.340-0300,,,false
351,0,,BANCO BOZANO SIMONSEN S.A,BANCO BOZANO SIMONSEN S.A,,2018-01-29T15:12:24.340-0300,,,false
353,0,,BANCO GERAL DO COMERCIO S.A,BANCO GERAL DO COMERCIO S.A,,2018-01-29T15:12:24.340-0300,,,false
356,0,,ABN AMRO S.A,ABN AMRO S.A,,2018-01-29T15:12:24.340-0300,,,false
366,0,,BANCO SOGERAL S.A,BANCO SOGERAL S.A,,2018-01-29T15:12:24.343-0300,,,false
369,0,,PONTUAL,PONTUAL,,2018-01-29T15:12:24.343-0300,,,false
370,0,,BEAL - BANCO EUROPEU PARA AMERICA LATINA,BEAL - BANCO EUROPEU PARA AMERICA LATINA,,2018-01-29T15:12:24.343-0300,,,false
372,0,,BANCO ITAMARATI S.A,BANCO ITAMARATI S.A,,2018-01-29T15:12:24.347-0300,,,false
375,0,,BANCO FENICIA S.A,BANCO FENICIA S.A,,2018-01-29T15:12:24.347-0300,,,false
376,0,,CHASE MANHATTAN BANK S.A,CHASE MANHATTAN BANK S.A,,2018-01-29T15:12:24.347-0300,,,false
388,0,,BANCO MERCANTIL DE DESCONTOS S.A.,BANCO MERCANTIL DE DESCONTOS S.A.,,2018-01-29T15:12:24.347-0300,,,false
389,0,,BANCO MERCANTIL DO BRASIL S.A,BANCO MERCANTIL DO BRASIL S.A,,2018-01-29T15:12:24.347-0300,,,false
392,0,,BANCO MERCANTIL DE SAO PAULO S.A,BANCO MERCANTIL DE SAO PAULO S.A,,2018-01-29T15:12:24.350-0300,,,false
394,0,,BANCO B.M.C. S.A,BANCO B.M.C. S.A,,2018-01-29T15:12:24.350-0300,,,false
409,0,,UNIBANCO - UNIAO DOS BANCOS BRASILEIROS,UNIBANCO - UNIAO DOS BANCOS BRASILEIROS,,2018-01-29T15:12:24.350-0300,,,false
412,0,,BANCO NACIONAL DA BAHIA S.A,BANCO NACIONAL DA BAHIA S.A,,2018-01-29T15:12:24.350-0300,,,false
415,0,,BANCO NACIONAL S.A,BANCO NACIONAL S.A,,2018-01-29T15:12:24.350-0300,,,false
420,0,,BANCO NACIONAL DO NORTE S.A,BANCO NACIONAL DO NORTE S.A,,2018-01-29T15:12:24.350-0300,,,false
424,0,,BANCO NOROESTE S.A,BANCO NOROESTE S.A,,2018-01-29T15:12:24.353-0300,,,false
434,0,,BANCO FORTALEZA S.A,BANCO FORTALEZA S.A,,2018-01-29T15:12:24.353-0300,,,false
453,0,,BANCO RURAL S.A,BANCO RURAL S.A,,2018-01-29T15:12:24.353-0300,,,false
456,0,,BANCO TOKIO S.A,BANCO TOKIO S.A,,2018-01-29T15:12:24.353-0300,,,false
464,0,,BANCO SUMITOMO BRASILEIRO S.A,BANCO SUMITOMO BRASILEIRO S.A,,2018-01-29T15:12:24.357-0300,,,false
466,0,,BANCO MITSUBISHI BRASILEIRO S.A,BANCO MITSUBISHI BRASILEIRO S.A,,2018-01-29T15:12:24.357-0300,,,false
472,0,,LLOYDS BANK PLC,LLOYDS BANK PLC,,2018-01-29T15:12:24.357-0300,,,false
473,0,,BANCO FINANCIAL PORTUGUES S.A,BANCO FINANCIAL PORTUGUES S.A,,2018-01-29T15:12:24.357-0300,,,false
477,0,,CITIBANK N.A,CITIBANK N.A,,2018-01-29T15:12:24.357-0300,,,false
479,0,,BANCO DE BOSTON S.A,BANCO DE BOSTON S.A,,2018-01-29T15:12:24.360-0300,,,false
480,0,,BANCO PORTUGUES DO ATLANTICO-BRASIL S.A,BANCO PORTUGUES DO ATLANTICO-BRASIL S.A,,2018-01-29T15:12:24.360-0300,,,false
483,0,,BANCO AGRIMISA S.A.,BANCO AGRIMISA S.A.,,2018-01-29T15:12:24.360-0300,,,false
487,0,,DEUTSCHE BANK S.A - BANCO ALEMAO,DEUTSCHE BANK S.A - BANCO ALEMAO,,2018-01-29T15:12:24.360-0300,,,false
488,0,,BANCO J. P. MORGAN S.A,BANCO J. P. MORGAN S.A,,2018-01-29T15:12:24.360-0300,,,false
489,0,,BANESTO BANCO URUGAUAY S.A,BANESTO BANCO URUGAUAY S.A,,2018-01-29T15:12:24.360-0300,,,false
492,0,,INTERNATIONALE NEDERLANDEN BANK N.V.,INTERNATIONALE NEDERLANDEN BANK N.V.,,2018-01-29T15:12:24.363-0300,,,false
493,0,,BANCO UNION S.A.C.A,BANCO UNION S.A.C.A,,2018-01-29T15:12:24.363-0300,,,false
494,0,,BANCO LA REP. ORIENTAL DEL URUGUAY,BANCO LA REP. ORIENTAL DEL URUGUAY,,2018-01-29T15:12:24.363-0300,,,false
495,0,,BANCO LA PROVINCIA DE BUENOS AIRES,BANCO LA PROVINCIA DE BUENOS AIRES,,2018-01-29T15:12:24.363-0300,,,false
496,0,,BANCO EXTERIOR DE ESPANA S.A,BANCO EXTERIOR DE ESPANA S.A,,2018-01-29T15:12:24.363-0300,,,false
498,0,,CENTRO HISPANO BANCO,CENTRO HISPANO BANCO,,2018-01-29T15:12:24.367-0300,,,false
499,0,,BANCO IOCHPE S.A,BANCO IOCHPE S.A,,2018-01-29T15:12:24.367-0300,,,false
501,0,,BANCO BRASILEIRO IRAQUIANO S.A.,BANCO BRASILEIRO IRAQUIANO S.A.,,2018-01-29T15:12:24.367-0300,,,false
502,0,,BANCO SANTANDER S.A,BANCO SANTANDER S.A,,2018-01-29T15:12:24.367-0300,,,false
504,0,,BANCO MULTIPLIC S.A,BANCO MULTIPLIC S.A,,2018-01-29T15:12:24.367-0300,,,false
505,0,,BANCO GARANTIA S.A,BANCO GARANTIA S.A,,2018-01-29T15:12:24.370-0300,,,false
600,0,,BANCO LUSO BRASILEIRO S.A,BANCO LUSO BRASILEIRO S.A,,2018-01-29T15:12:24.370-0300,,,false
601,0,,BFC BANCO S.A.,BFC BANCO S.A.,,2018-01-29T15:12:24.370-0300,,,false
602,0,,BANCO PATENTE S.A,BANCO PATENTE S.A,,2018-01-29T15:12:24.370-0300,,,false
604,0,,BANCO INDUSTRIAL DO BRASIL S.A,BANCO INDUSTRIAL DO BRASIL S.A,,2018-01-29T15:12:24.370-0300,,,false
607,0,,BANCO SANTOS NEVES S.A,BANCO SANTOS NEVES S.A,,2018-01-29T15:12:24.373-0300,,,false
608,0,,BANCO OPEN S.A,BANCO OPEN S.A,,2018-01-29T15:12:24.373-0300,,,false
610,0,,BANCO V.R. S.A,BANCO V.R. S.A,,2018-01-29T15:12:24.373-0300,,,false
611,0,,BANCO PAULISTA S.A,BANCO PAULISTA S.A,,2018-01-29T15:12:24.373-0300,,,false
612,0,,BANCO GUANABARA S.A,BANCO GUANABARA S.A,,2018-01-29T15:12:24.377-0300,,,false
613,0,,BANCO PECUNIA S.A,BANCO PECUNIA S.A,,2018-01-29T15:12:24.377-0300,,,false
616,0,,BANCO INTERPACIFICO S.A,BANCO INTERPACIFICO S.A,,2018-01-29T15:12:24.377-0300,,,false
617,0,,BANCO INVESTOR S.A.,BANCO INVESTOR S.A.,,2018-01-29T15:12:24.377-0300,,,false
618,0,,BANCO TENDENCIA S.A,BANCO TENDENCIA S.A,,2018-01-29T15:12:24.377-0300,,,false
621,0,,BANCO APLICAP S.A.,BANCO APLICAP S.A.,,2018-01-29T15:12:24.380-0300,,,false
622,0,,BANCO DRACMA S.A,BANCO DRACMA S.A,,2018-01-29T15:12:24.380-0300,,,false
623,0,,BANCO PANAMERICANO S.A,BANCO PANAMERICANO S.A,,2018-01-29T15:12:24.380-0300,,,false
624,0,,BANCO GENERAL MOTORS S.A,BANCO GENERAL MOTORS S.A,,2018-01-29T15:12:24.380-0300,,,false
625,0,,BANCO ARAUCARIA S.A,BANCO ARAUCARIA S.A,,2018-01-29T15:12:24.380-0300,,,false
626,0,,BANCO FICSA S.A,BANCO FICSA S.A,,2018-01-29T15:12:24.380-0300,,,false
627,0,,BANCO DESTAK S.A,BANCO DESTAK S.A,,2018-01-29T15:12:24.383-0300,,,false
628,0,,BANCO CRITERIUM S.A,BANCO CRITERIUM S.A,,2018-01-29T15:12:24.383-0300,,,false
629,0,,BANCORP BANCO COML. E. DE INVESTMENTO,BANCORP BANCO COML. E. DE INVESTMENTO,,2018-01-29T15:12:24.383-0300,,,false
630,0,,BANCO INTERCAP S.A,BANCO INTERCAP S.A,,2018-01-29T15:12:24.383-0300,,,false
633,0,,BANCO REDIMENTO S.A,BANCO REDIMENTO S.A,,2018-01-29T15:12:24.383-0300,,,false
634,0,,BANCO TRIANGULO S.A,BANCO TRIANGULO S.A,,2018-01-29T15:12:24.387-0300,,,false
635,0,,BANCO DO ESTADO DO AMAPA S.A,BANCO DO ESTADO DO AMAPA S.A,,2018-01-29T15:12:24.387-0300,,,false
637,0,,BANCO SOFISA S.A,BANCO SOFISA S.A,,2018-01-29T15:12:24.387-0300,,,false
638,0,,BANCO PROSPER S.A,BANCO PROSPER S.A,,2018-01-29T15:12:24.387-0300,,,false
639,0,,BIG S.A. - BANCO IRMAOS GUIMARAES,BIG S.A. - BANCO IRMAOS GUIMARAES,,2018-01-29T15:12:24.387-0300,,,false
640,0,,BANCO DE CREDITO METROPOLITANO S.A,BANCO DE CREDITO METROPOLITANO S.A,,2018-01-29T15:12:24.390-0300,,,false
641,0,,BANCO EXCEL ECONOMICO S.A.,BANCO EXCEL ECONOMICO S.A.,,2018-01-29T15:12:24.390-0300,,,false
643,0,,BANCO SEGMENTO S.A,BANCO SEGMENTO S.A,,2018-01-29T15:12:24.390-0300,,,false
645,0,,BANCO DO ESTADO DE RORAIMA S.A,BANCO DO ESTADO DE RORAIMA S.A,,2018-01-29T15:12:24.390-0300,,,false
647,0,,BANCO MARKA S.A,BANCO MARKA S.A,,2018-01-29T15:12:24.390-0300,,,false
648,0,,BANCO ATLANTIS S.A,BANCO ATLANTIS S.A,,2018-01-29T15:12:24.390-0300,,,false
649,0,,BANCO DIMENSAO S.A,BANCO DIMENSAO S.A,,2018-01-29T15:12:24.390-0300,,,false
650,0,,BANCO PEBB S.A,BANCO PEBB S.A,,2018-01-29T15:12:24.393-0300,,,false
652,0,,BANCO FRANCES E BRASILEIRO SA,BANCO FRANCES E BRASILEIRO SA,,2018-01-29T15:12:24.393-0300,,,false
653,0,,BANCO INDUSVAL S.A,BANCO INDUSVAL S.A,,2018-01-29T15:12:24.393-0300,,,false
654,0,,BANCO A. J. RENNER S.A,BANCO A. J. RENNER S.A,,2018-01-29T15:12:24.393-0300,,,false
655,0,,BANCO VOTORANTIM S.A.,BANCO VOTORANTIM S.A.,,2018-01-29T15:12:24.393-0300,,,false
656,0,,BANCO MATRIX S.A,BANCO MATRIX S.A,,2018-01-29T15:12:24.397-0300,,,false
657,0,,BANCO TECNICORP S.A,BANCO TECNICORP S.A,,2018-01-29T15:12:24.397-0300,,,false
658,0,,BANCO PORTO REAL S.A,BANCO PORTO REAL S.A,,2018-01-29T15:12:24.397-0300,,,false
702,0,,BANCO SANTOS S.A,BANCO SANTOS S.A,,2018-01-29T15:12:24.397-0300,,,false
705,0,,BANCO INVESTCORP S.A.,BANCO INVESTCORP S.A.,,2018-01-29T15:12:24.400-0300,,,false
707,0,,BANCO DAYCOVAL S.A,BANCO DAYCOVAL S.A,,2018-01-29T15:12:24.400-0300,,,false
711,0,,BANCO VETOR S.A.,BANCO VETOR S.A.,,2018-01-29T15:12:24.400-0300,,,false
713,0,,BANCO CINDAM S.A,BANCO CINDAM S.A,,2018-01-29T15:12:24.400-0300,,,false
715,0,,BANCO VEGA S.A,BANCO VEGA S.A,,2018-01-29T15:12:24.400-0300,,,false
718,0,,BANCO OPERADOR S.A,BANCO OPERADOR S.A,,2018-01-29T15:12:24.400-0300,,,false
719,0,,BANCO PRIMUS S.A,BANCO PRIMUS S.A,,2018-01-29T15:12:24.400-0300,,,false
720,0,,BANCO MAXINVEST S.A,BANCO MAXINVEST S.A,,2018-01-29T15:12:24.403-0300,,,false
721,0,,BANCO CREDIBEL S.A,BANCO CREDIBEL S.A,,2018-01-29T15:12:24.403-0300,,,false
722,0,,BANCO INTERIOR DE SAO PAULO S.A,BANCO INTERIOR DE SAO PAULO S.A,,2018-01-29T15:12:24.403-0300,,,false
724,0,,BANCO PORTO SEGURO S.A,BANCO PORTO SEGURO S.A,,2018-01-29T15:12:24.403-0300,,,false
725,0,,BANCO FINABANCO S.A,BANCO FINABANCO S.A,,2018-01-29T15:12:24.407-0300,,,false
726,0,,BANCO UNIVERSAL S.A,BANCO UNIVERSAL S.A,,2018-01-29T15:12:24.407-0300,,,false
728,0,,BANCO FITAL S.A,BANCO FITAL S.A,,2018-01-29T15:12:24.407-0300,,,false
729,0,,BANCO FONTE S.A,BANCO FONTE S.A,,2018-01-29T15:12:24.407-0300,,,false
730,0,,BANCO COMERCIAL PARAGUAYO S.A,BANCO COMERCIAL PARAGUAYO S.A,,2018-01-29T15:12:24.407-0300,,,false
731,0,,BANCO GNPP S.A.,BANCO GNPP S.A.,,2018-01-29T15:12:24.410-0300,,,false
732,0,,BANCO PREMIER S.A.,BANCO PREMIER S.A.,,2018-01-29T15:12:24.410-0300,,,false
733,0,,BANCO NACOES S.A.,BANCO NACOES S.A.,,2018-01-29T15:12:24.410-0300,,,false
734,0,,BANCO GERDAU S.A,BANCO GERDAU S.A,,2018-01-29T15:12:24.410-0300,,,false
735,0,,BANCO NEON,BANCO NEON,,2018-01-29T15:12:24.410-0300,2019-11-12T19:15:00.000-0300,2019-11-12T19:15:00.000-0300,true
736,0,,BANCO UNITED S.A,BANCO UNITED S.A,,2018-01-29T15:12:24.410-0300,,,false
737,0,,THECA,THECA,,2018-01-29T15:12:24.413-0300,,,false
738,0,,MARADA,MARADA,,2018-01-29T15:12:24.413-0300,,,false
739,0,,BGN,BGN,,2018-01-29T15:12:24.413-0300,,,false
740,0,,BCN BARCLAYS,BCN BARCLAYS,,2018-01-29T15:12:24.413-0300,,,false
741,0,,BRP,BRP,,2018-01-29T15:12:24.413-0300,,,false
742,0,,EQUATORIAL,EQUATORIAL,,2018-01-29T15:12:24.417-0300,,,false
743,0,,BANCO EMBLEMA S.A,BANCO EMBLEMA S.A,,2018-01-29T15:12:24.417-0300,,,false
744,0,,THE FIRST NATIONAL BANK OF BOSTON,THE FIRST NATIONAL BANK OF BOSTON,,2018-01-29T15:12:24.417-0300,,,false
746,0,,MODAL S.A.,MODAL S.A.,,2018-01-29T15:12:24.417-0300,,,false
747,0,01.023.570/0001-60,RABOBANK DO BRASIL,RABOBANK DO BRASIL,,2018-01-29T15:12:24.420-0300,2020-04-23T22:00:00.000-0300,,false
748,0,,SICREDI,SICREDI,,2018-01-29T15:12:24.420-0300,,,false
749,0,,BRMSANTIL SA,BRMSANTIL SA,,2018-01-29T15:12:24.420-0300,,,false
750,0,,BANCO REPUBLIC NATIONAL OF NEW YORK (BRA,BANCO REPUBLIC NATIONAL OF NEW YORK (BRA,,2018-01-29T15:12:24.420-0300,,,false
751,0,,DRESDNER BANK LATEINAMERIKA-BRASIL S.A.,DRESDNER BANK LATEINAMERIKA-BRASIL S.A.,,2018-01-29T15:12:24.420-0300,,,false
752,0,,BANCO BANQUE NATIONALE DE PARIS BRASIL S,BANCO BANQUE NATIONALE DE PARIS BRASIL S,,2018-01-29T15:12:24.420-0300,,,false
753,0,,BANCO COMERCIAL URUGUAI S.A.,BANCO COMERCIAL URUGUAI S.A.,,2018-01-29T15:12:24.423-0300,,,false
755,0,,BANCO MERRILL LYNCH S.A,BANCO MERRILL LYNCH S.A,,2018-01-29T15:12:24.423-0300,,,false
757,0,,BANCO KEB DO BRASIL S.A.,BANCO KEB DO BRASIL S.A.,,2018-01-29T15:12:24.423-0300,,,false
260,0,18.236.120/0001-58,Nu Pagamentos S.A,Nu Pagamentos S.A,,2018-01-29T16:47:35.153-0300,,,false
102,0,,XP INVESTIMENTOS,XP INVESTIMENTOS,,2018-01-29T16:47:35.210-0300,,,false
336,0,31.872.495/0001-72,BANCO C6 S.A.,BANCO C6 S.A.,,2019-08-02T13:11:00.000-0300,,,false
290,0,08.561.701/0001-01,PagSeguro Internet S.A.,PagSeguro Internet S.A.,,2019-08-21T12:47:00.000-0300,,,false
323,0,10.573.521/0001-91,MercadoPago.com Representações Ltda.,MercadoPago.com Representações Ltda.,,2019-09-13T15:23:00.000-0300,,,false
332,0,13.140.088/0001-99,Acesso Soluções de Pagamento S.A.,Acesso Soluções de Pagamento S.A.,,2019-12-26T15:00:00.000-0300,,,false
325,0,13.293.225/0001-25,Órama DTVM S.A.,Órama DTVM S.A.,,2020-01-15T19:27:00.000-0300,,,false
085,0,05.463.212/0001-29,COOPERATIVA CENTRAL DE CREDITO - AILOS,COOPERATIVA CENTRAL DE CREDITO - AILOS,,2020-03-20T18:04:00.000-0300,,,false
125,0,45.246.410/0001-55,PLURAL S.A. BANCO MULTIPLO,PLURAL S.A. BANCO MULTIPLO,,2020-03-20T18:13:00.000-0300,,,false
